<?xml version="1.0" encoding="UTF-8"?>
<modules>
	<!--Unjarred modules-->
	<module>modules/mod-fulcrum-backend/</module>
	<module>modules/mod-fulcrum-frontend/</module>
	<module>modules/mod-db/</module>
	<module>modules/workbench/</module>
	<module>modules/tutorial/</module>
	
	<!--Jarred modules-->
	<module>modules/cache-standard-1.2.1.jar</module>
	<module>modules/doc-books-2.1.0.jar</module>
	<module>modules/doc-netkernel-4.1.0.jar</module>
	<module>modules/ext-debugger-1.1.6.jar</module>
	<module>modules/ext-dpml-1.2.5.jar</module>
	<module>modules/ext-entrypoint-1.1.4.jar</module>
	<module>modules/ext-http-client-1.2.1.jar</module>
	<module>modules/ext-install-1.2.4.jar</module>
	<module>modules/ext-introspect-1.3.1.jar</module>
	<module>modules/ext-kernel-1.1.0.jar</module>
	<module>modules/ext-layer1-1.3.5.jar</module>
	<module>modules/ext-script-1.4.0.jar</module>
	<module>modules/lang-ruby-1.0.1.jar</module>
	<module>modules/ext-session-1.1.3.jar</module>
	<module>modules/ext-sys-1.2.10.jar</module>
	<module>modules/ext-xhtml-1.1.2.jar</module>
	<module>modules/ext-xml-core-1.5.2.jar</module>
	<module>modules/ext-xml-ura-1.3.4.jar</module>
	<module>modules/ext-xquery-2.4.3.jar</module>
	<module>modules/ext-xrl-1.5.3.jar</module>
	<module>modules/ext-xsecurity-1.2.3.jar</module>
	<module>modules/ext-xunit-2.1.4.jar</module>
	<module>modules/mod-dbxml-1.0.2.jar</module>
	<module>modules/mod-developer-1.1.1.jar</module>
	<module>modules/mod-docxter-2.0.0.jar</module>
	<module>modules/mod-docxter-legacy-1.2.0.jar</module>
	<module>modules/mod-json-1.0.1.jar</module>
	<module>modules/mod-ldap-1.0.1.jar</module>
	<module>modules/mod-lucene-1.1.10.jar</module>
	<module>modules/mod-pinky-0.2.0.jar</module>
	<module>modules/mod-smtp-1.1.2.jar</module>
	<module>modules/test-ws-1.0.2.jar</module>
	<module>modules/tpt-http-2.2.2.jar</module>
	<module>modules/tpt-intray-1.0.3.jar</module>
	<module>modules/tpt-jms-1.1.0.jar</module>
	<module>modules/util-aspell-1.0.1.jar</module>
	<module>modules/util-cron-1.1.1.jar</module>
	<module>modules/util-image-2.0.0.jar</module>
	<module>modules/xlib-1.0.9.jar</module>
	<module>modules/mod-webdav-1.0.0.jar</module>
	<module>modules/mod-ws-1.1.2.jar</module>
	<module>modules/demo-xml-tech-1.0.0.jar</module>
	
	<!--Demonstration Apps - remove these for production systems-->
	<module>modules/app-address-book-1.1.4.jar</module>
	<!--
	<module>modules/pingpong-1.2.0.jar</module>
	-->
	<module>modules/forum-web-1.1.6.jar</module>
	<module>modules/forum-services-lite-1.0.0.jar</module>
	<module>modules/forum-style-2.0.1.jar</module>
</modules>
